City,area,population,state,district,world,new,national,century,known,town,government,major,south,temple,people,capital,international,north,university,region,Rating
Cape Town,1,1,1,1,1,1,1,1,1,1,1,1,1,1,1,1,1,1,1,1,5.0
Cairo,0,1,1,1,1,1,1,1,1,1,1,1,1,1,1,1,1,1,1,1,4.5
Lanzarote,0,1,1,1,1,1,1,1,1,1,1,1,1,1,1,1,1,1,1,1,4
Mauritius,1,1,1,1,1,1,1,1,1,1,1,1,1,1,1,1,1,1,1,1,4.0
Canary Islands,1,1,1,1,1,1,1,1,1,1,1,1,1,1,1,1,1,1,1,1,4.5
Johannesburg,1,1,1,1,1,1,1,1,1,1,1,1,1,1,1,1,1,1,1,1,3.5
Nairobi,1,1,1,1,1,1,1,1,1,1,1,1,1,1,1,1,1,1,1,1,4.5
Seychelles,0,1,1,1,1,1,1,1,1,1,1,1,1,1,1,1,1,1,1,1,4
Windhoek,0,1,1,1,1,1,1,1,1,1,1,1,1,1,1,1,1,1,1,1,4
Durban,0,1,1,1,1,1,1,1,1,1,1,1,1,1,1,1,1,1,1,1,4.5
Addis Ababa,0,1,1,1,1,1,1,1,1,1,1,1,1,1,1,1,1,1,1,1,3.5
Madagascar,1,1,1,1,1,1,1,1,1,1,1,1,1,1,1,1,1,1,1,1,3.5
Zanzibar,1,1,1,1,1,1,1,1,1,1,1,1,1,1,1,1,1,1,0,1,4
Accra,0,1,1,1,1,1,1,1,1,1,1,1,1,1,1,1,1,1,1,1,4
Maputo,1,1,1,1,1,1,1,1,1,1,1,1,1,1,1,1,1,1,1,1,4
Tanzania,0,1,1,1,1,1,1,1,1,1,1,1,1,1,1,1,1,1,1,1,4
Kampala,1,1,1,1,1,1,1,1,1,1,1,1,1,1,1,0,1,1,1,1,4
Malawi,0,1,1,1,1,1,1,1,1,1,1,1,1,1,1,1,1,1,1,1,3
Lanzarote,0,1,1,1,1,1,1,1,1,1,1,1,1,1,1,1,1,1,1,1,4
Lesotho,1,1,1,1,1,1,1,1,1,1,1,1,1,1,1,1,1,1,1,1,3
Toronto,1,1,1,1,1,1,1,1,1,1,1,1,1,1,1,1,1,1,1,1,4.5
Montreal,0,1,1,1,1,1,1,1,1,1,1,1,1,1,1,1,1,1,1,1,4.5
Calgary,1,1,1,1,1,1,1,1,1,1,1,1,1,1,1,1,1,1,1,1,4.5
Ottawa,0,1,1,1,1,1,1,1,1,1,1,1,1,1,1,1,1,1,1,1,5.0
Vancouver,1,1,1,1,1,1,1,1,1,1,1,1,1,1,1,1,1,1,1,1,4
Mexico City,1,1,1,1,1,1,1,1,1,1,1,1,1,1,1,1,1,1,1,1,4.5
Acapulco,1,1,1,1,1,1,1,1,1,1,1,1,1,1,1,1,1,1,1,1,4
New York City,1,1,1,1,1,1,1,1,1,1,1,1,1,1,1,1,1,1,1,1,4.5
Los Angeles,1,1,1,1,1,1,1,1,1,1,1,1,1,1,1,1,1,1,1,1,4.0
Chicago,1,1,1,1,1,1,1,1,1,1,1,1,1,1,1,1,1,1,1,1,4.5
San Francisco,1,1,1,1,1,1,1,1,1,1,1,1,1,1,1,1,1,1,1,1,4
Seattle,1,1,1,1,1,1,1,1,1,1,1,1,1,1,1,1,1,1,1,1,4.5
Detroit,1,1,1,1,1,1,1,1,1,1,1,1,1,1,1,1,1,1,1,1,4
Washington  D.C.,1,1,1,1,1,1,1,1,1,1,1,1,1,1,1,1,1,1,1,1,4.5
Oklahoma City,1,1,1,1,1,1,1,1,1,1,1,1,1,1,1,1,1,1,1,1,4.5
Las Vegas,1,1,1,1,1,1,1,1,1,1,1,1,1,1,1,1,1,1,1,1,4.5
Buenos Aires,1,1,1,1,1,1,1,1,1,1,1,1,1,1,1,1,1,1,1,1,4
Rio de Janerio,1,1,1,1,1,1,1,1,1,1,1,1,1,1,1,1,1,1,1,1,4.5
Santiago,1,1,1,1,1,1,1,1,1,1,1,1,1,1,1,1,1,1,1,1,4
Valencia  Carabobo,0,0,1,1,1,0,1,0,1,1,1,1,0,1,1,1,1,1,1,1,4.5
Ladakh,1,1,1,1,1,1,1,1,1,1,1,1,1,1,1,1,1,1,1,1,4.5
Patnitop,1,1,1,1,0,1,0,1,1,1,1,1,0,1,1,0,1,1,0,0,4
Gulmarg,1,1,1,1,1,1,1,1,1,1,1,1,1,1,1,1,1,1,0,1,4.5
Srinagar,1,1,1,1,1,1,1,1,1,1,1,1,1,1,1,1,1,1,1,1,4.5
Leh,1,1,1,1,1,1,1,1,1,1,1,1,1,1,1,1,1,1,0,1,4.5
Kashmir,1,1,1,1,1,1,1,1,1,1,1,1,1,1,1,1,1,1,1,1,4.5
Jammu,1,1,1,1,1,1,1,1,1,1,1,1,1,1,1,1,1,1,1,1,4.5
Zanskar,1,1,1,1,1,1,1,1,1,1,1,1,1,1,1,1,1,1,0,0,4.5
Udhampur,0,1,0,1,1,1,1,1,1,1,1,1,0,1,1,1,1,1,1,0,4.5
Anantnag,1,1,1,1,1,1,1,1,1,1,1,1,0,1,1,0,1,1,0,0,4.5
Poonch,0,0,0,1,1,1,0,0,1,1,1,1,1,1,1,0,1,1,1,0,4
Sonamarg,0,1,0,1,1,1,1,1,1,1,1,1,1,1,1,1,1,1,0,1,3.5
Baramulla,1,1,1,1,1,1,1,1,1,1,1,1,1,1,1,1,1,1,1,1,4
Katra  Jammu and Kashmir,1,1,0,1,1,1,1,1,1,1,1,1,0,1,1,0,1,1,0,0,3.5
Pahalgam,1,0,0,1,1,1,1,0,1,1,1,1,0,1,1,0,1,1,0,0,5.0
Palampur,1,1,1,1,1,1,1,1,1,1,1,1,1,1,1,1,1,1,1,1,4.0
Dalhousie  India,1,0,0,1,0,1,1,0,1,1,1,1,1,1,1,0,1,1,0,0,4
Shimla,1,1,1,1,1,1,1,1,1,1,1,1,1,1,1,1,1,1,1,1,4
Manali  Himachal Pradesh,1,1,1,1,1,1,1,1,1,1,1,1,1,1,1,1,1,1,1,1,4.5
Kasol,0,0,0,1,0,0,0,0,1,1,1,1,0,1,1,0,1,1,0,0,4.5
Dharamsala,1,1,1,1,1,1,1,1,1,1,1,1,1,1,1,1,1,1,1,1,4
Chail  Himachal Pradesh,1,0,1,1,0,1,1,1,1,1,1,1,0,1,1,0,1,1,1,0,4
Kufri  India,0,0,0,1,0,1,0,1,1,1,1,1,0,1,1,0,1,1,0,0,3
Una  Himachal Pradesh,0,0,0,0,1,0,0,0,1,1,1,1,0,1,1,0,1,1,0,0,3
Bharmour,1,1,1,1,0,1,1,1,1,1,1,1,1,1,1,1,1,1,1,1,3.5
Khajjiar,1,1,1,1,0,1,1,1,1,1,1,1,1,1,1,0,1,1,0,0,4
Chamba  Himachal Pradesh,1,1,1,1,1,1,1,1,1,1,1,1,1,1,1,1,1,1,1,1,4
Sarahan,1,1,1,1,1,1,1,1,1,1,1,1,1,1,1,1,1,1,1,1,4
Parwanoo,0,1,0,1,1,1,1,1,1,1,1,1,0,1,1,0,1,1,0,0,4
Mashobra,0,1,0,1,0,1,0,1,1,1,1,1,0,1,1,0,1,1,1,0,4
Kalpa  Himachal Pradesh,1,1,1,1,0,1,1,1,1,1,1,1,0,1,1,1,1,1,0,0,4.5
Dharamkot  Himachal Pradesh,1,1,1,1,0,1,1,1,1,1,1,1,0,1,1,1,1,1,0,0,3
Kullu,1,1,1,1,1,1,1,1,1,1,1,1,1,1,1,1,1,1,1,1,4.5
Narkanda,0,0,0,1,1,0,0,0,1,1,1,1,0,1,1,0,1,1,1,1,4.5
Solan,1,1,1,1,1,1,1,1,1,1,1,1,1,1,1,1,1,1,1,1,4.0
McLeod Ganj,1,1,1,1,1,1,1,1,1,1,1,1,1,1,1,1,1,1,1,0,4
Kasauli,1,1,0,1,1,1,1,1,1,1,1,1,0,1,1,0,1,1,1,0,3.5
Nainital,1,1,1,1,1,1,1,1,1,1,1,1,1,1,1,1,1,1,1,1,4.5
Mussoorie,1,1,1,1,1,1,1,1,1,1,1,1,0,1,1,1,1,1,1,0,4
Dehradun,1,1,1,1,1,1,1,1,1,1,1,1,1,1,1,1,1,1,1,1,4.5
Ranikhet,1,1,1,1,1,1,1,1,1,1,1,1,0,1,1,1,1,1,1,0,4
Almora,1,1,1,1,1,1,1,1,1,1,1,1,1,1,1,1,1,1,1,1,4.5
Auli,1,0,1,1,0,1,0,0,1,1,1,1,0,1,1,0,1,1,0,0,4.0
Badrinath,1,1,0,1,1,0,0,1,1,1,1,1,1,1,1,0,1,1,0,0,4.5
Lansdowne  India,1,1,0,1,1,1,1,1,1,1,1,1,1,1,1,1,1,1,1,1,4.0
Rishikesh,1,1,1,1,1,1,1,1,1,1,1,1,1,1,1,0,1,1,1,1,4.5
Mukteshwar,1,0,1,1,0,1,1,0,1,1,1,1,1,1,1,1,1,1,0,1,4.5
Haridwar,1,1,1,1,1,1,1,1,1,1,1,1,1,1,1,1,1,1,1,1,4
Munsiari,1,1,0,1,0,1,1,1,1,1,1,1,0,1,1,1,1,1,0,0,3.5
Kausani,1,1,1,1,1,1,1,1,1,1,1,1,0,1,1,0,1,1,0,1,4.5
Kotdwar,1,1,1,1,1,1,1,1,1,1,1,1,0,1,1,1,1,1,1,1,3
Haldwani,1,1,1,1,1,1,1,1,1,1,1,1,1,1,1,1,1,1,1,1,3
Shivpuri,1,1,0,1,1,1,1,1,1,1,1,1,0,1,1,0,1,1,0,1,4.5
Chopta,1,1,1,1,0,1,1,1,1,1,1,1,1,1,1,0,1,1,0,0,4.5
Kanatal,1,0,0,1,0,1,0,0,1,1,1,1,0,1,1,0,1,1,0,0,4
Munsiari,1,1,0,1,0,1,1,1,1,1,1,1,0,1,1,1,1,1,0,0,3.5
Pithoragarh,0,1,1,1,0,1,1,1,1,1,1,1,1,1,1,0,1,1,0,1,4
Kedarnath,1,1,1,1,1,1,0,1,1,1,1,1,0,1,1,1,1,1,0,0,4.5
Rudrapur,0,0,0,0,0,0,0,0,0,0,0,1,0,0,0,0,0,0,0,0,3
Chamoli district,1,1,1,1,1,1,1,1,1,1,1,1,1,1,1,1,1,1,1,1,3.5
Kashipur  Uttarakhand,1,1,1,1,1,1,1,1,1,1,1,1,1,1,1,1,1,1,1,1,3
Devprayag,1,1,1,1,1,1,0,1,1,1,1,1,1,1,1,1,1,1,1,0,4.5
Champawat,1,1,1,1,1,0,1,1,1,1,1,1,1,1,1,0,1,1,0,0,3.5
Jageshwar,1,1,1,1,0,1,1,1,1,1,1,1,1,1,1,1,1,1,0,0,4.5
Dhanaulti,0,0,0,0,0,1,1,0,1,1,1,1,0,1,1,0,1,1,1,1,4.0
Kila Raipur,0,0,0,1,0,1,0,0,1,1,1,0,0,1,1,0,1,1,0,0,4.5
Pathankot,0,1,1,1,1,1,1,1,1,1,1,1,1,1,1,1,1,1,0,0,4.5
Gurdaspur,0,0,0,0,1,0,0,0,1,1,1,1,1,1,1,0,1,1,0,0,3
Barnala,0,1,1,1,1,1,1,1,1,1,1,1,1,1,1,1,1,1,0,1,3.5
Hoshiarpur,0,0,1,1,1,0,0,0,1,1,1,1,1,1,1,1,1,1,1,0,2
Ludhiana,0,1,1,1,1,1,1,1,1,1,1,1,1,1,1,1,1,1,1,1,3
Jalandhar,1,0,1,1,1,1,1,1,1,1,1,1,1,1,1,1,1,1,1,1,4.5
Patiala,1,1,1,1,1,1,1,1,1,1,1,1,1,1,1,1,1,1,1,1,5.0
Chandigarh,1,1,1,1,1,1,1,1,1,1,1,1,0,1,1,1,1,1,1,1,4.5
Amritsar,1,1,1,1,1,1,1,1,1,1,1,1,1,1,1,1,1,1,1,1,4.5
Karnal,0,1,0,1,0,0,0,1,1,1,1,1,0,1,1,0,1,1,0,0,4.5
Fatehabad  Haryana,0,1,1,0,1,0,0,0,1,1,1,1,0,1,1,0,1,1,0,0,2
Bilaspur  Chhattisgarh,1,1,1,1,1,1,1,1,1,1,1,1,1,1,1,1,1,1,1,1,3
Kangra  Himachal Pradesh,1,1,1,1,1,1,1,1,1,1,1,1,0,1,1,1,1,1,0,0,4
Lahaul and Spiti district,1,1,1,1,1,1,1,1,1,1,1,1,1,1,1,1,1,1,1,1,5.0
Manesar,0,1,1,1,1,1,1,1,1,1,1,1,1,1,1,1,1,1,1,1,4
Rohtak,1,1,1,1,1,1,1,1,1,1,1,1,1,1,1,1,1,1,1,1,4.5
Kurukshetra,1,1,1,1,1,1,1,1,1,1,1,1,0,1,1,1,1,1,1,0,4.0
Narnaul,0,0,0,1,1,0,0,0,1,1,1,1,0,1,1,0,1,1,0,0,2.5
Hisar (city),1,1,1,1,1,1,1,1,1,1,1,1,1,1,1,1,1,1,1,1,4
Faridabad,1,1,1,1,1,1,1,1,1,1,1,1,1,1,1,1,1,1,1,1,3.5
Gurgaon,1,1,1,1,1,1,1,1,1,1,1,1,1,1,1,1,1,1,1,1,3
Jaipur,1,1,1,1,1,1,1,1,1,1,1,1,1,1,1,1,1,1,1,1,4.5
Jhalawar,1,1,1,1,1,1,1,1,1,1,1,1,0,1,1,0,1,1,1,0,4
Bhawani Mandi,0,1,1,1,1,1,1,0,1,1,1,1,1,1,1,0,1,1,0,1,4.5
Ramdevra,1,1,0,0,1,1,0,1,1,1,1,1,1,1,1,0,1,1,0,0,4.5
Banswara,1,1,1,1,1,1,1,1,1,1,1,1,1,1,1,1,1,1,1,1,4.5
Hanumangarh,1,0,0,1,1,1,0,0,1,1,1,1,0,1,1,0,1,1,1,0,4
Pali,1,1,1,1,1,1,1,1,1,1,1,1,1,1,1,1,1,1,1,1,3
Bundi,1,1,1,1,1,1,1,1,1,1,1,1,0,1,1,1,1,1,0,0,3.5
Jhunjhunu,1,1,1,1,1,1,1,0,1,1,1,1,0,1,1,1,1,1,1,1,4.5
Dausa,1,1,1,1,1,1,0,1,1,1,1,1,1,1,1,1,1,1,1,1,3
Bhilwara,1,1,1,1,1,1,1,1,1,1,1,1,1,1,1,1,1,1,1,1,4
Sawai Madhopur,1,1,0,1,1,1,1,1,1,1,1,1,1,1,1,1,1,1,0,1,3
Sirohi,0,1,1,1,1,1,1,1,1,1,1,1,0,1,1,1,1,1,0,1,4
Barmer  Rajasthan,0,0,1,1,1,1,0,0,1,1,1,1,1,1,1,0,1,1,0,1,4.5
Bharatpur  Rajasthan,1,1,1,1,1,1,1,1,1,1,1,1,1,1,1,1,1,1,1,1,2.5
Mount Abu,1,1,1,1,1,1,1,1,1,1,1,1,1,1,1,1,1,1,0,0,4.0
Alwar,1,1,1,1,1,1,1,1,1,1,1,1,1,1,1,1,1,1,1,1,3.5
Bhangarh,1,1,0,1,1,1,1,0,1,1,1,1,0,1,1,1,1,1,0,0,3
Pushkar,1,1,1,1,1,1,1,1,1,1,1,1,1,1,1,1,1,1,0,1,4
Ranakpur,1,0,0,1,1,1,0,0,1,1,1,1,1,1,1,0,1,1,0,0,4.5
Nathdwara,1,1,0,1,1,1,0,1,1,1,1,1,1,1,1,1,1,1,0,0,4.5
Udaipur,1,1,1,1,1,1,1,1,1,1,1,1,1,1,1,1,1,1,1,1,4.5
Chittorgarh,1,1,1,1,0,1,0,1,1,1,1,1,1,1,1,0,1,1,1,1,4.5
Kota  Rajasthan,1,1,1,1,1,1,1,1,1,1,1,1,1,1,1,1,1,1,1,1,3.5
Jodhpur,1,1,0,1,1,1,1,1,1,1,1,1,1,1,1,1,1,1,1,1,4.5
Jaisalmer,1,1,1,1,1,1,1,1,1,1,1,1,1,1,1,1,1,1,0,0,4
Ajmer,1,1,0,1,1,1,1,1,1,1,1,1,1,1,1,0,1,1,1,1,4
Bikaner,1,1,1,1,0,1,0,1,1,1,1,1,1,1,1,1,1,1,1,0,4
Varanasi,1,1,1,1,1,1,1,1,1,1,1,1,1,1,1,1,1,1,1,1,4.5
Meerut,1,1,1,1,1,1,1,1,1,1,1,1,1,1,1,1,1,1,1,1,2
Budaun,1,1,1,1,1,0,1,1,1,1,1,1,1,1,1,1,1,1,1,1,1
Moradabad,0,1,1,1,1,1,1,1,1,1,1,1,0,1,1,0,1,1,1,1,2
Amroha,1,0,1,1,1,1,1,0,1,1,1,1,1,1,1,1,1,1,1,1,1
Gajraula,0,1,0,1,1,0,0,1,1,1,1,1,0,1,1,0,1,1,1,1,3.0
Ayodhya,1,1,1,1,1,1,1,1,1,1,1,1,1,1,1,1,1,1,1,1,3.5
Ghaziabad  Uttar Pradesh,0,1,1,1,1,1,1,1,1,1,1,1,1,1,1,1,1,1,1,0,2
Kumaon division,1,1,1,1,1,1,1,1,1,1,1,1,1,1,1,1,1,1,0,1,1.5
Vrindavan,1,1,0,1,1,1,1,0,1,1,1,1,1,1,1,0,1,1,0,0,4.0
Kanpur,1,1,1,1,1,1,1,1,1,1,1,1,1,1,1,1,1,1,1,1,3.5
Chaukori,1,1,1,0,1,1,0,1,1,1,1,1,0,1,1,0,1,1,0,0,4
Bareilly,1,1,1,1,1,1,1,1,1,1,1,1,1,1,1,1,1,1,1,1,3.5
Noida,1,1,1,1,1,1,1,1,1,1,1,1,0,1,1,1,1,1,1,1,2.5
Fatehpur Sikri,1,1,1,1,1,1,1,1,1,1,1,1,1,1,1,0,1,1,1,1,3.5
Allahabad,1,1,1,1,1,1,1,1,1,1,1,1,1,1,1,1,1,1,1,1,4.5
Lucknow,1,1,1,1,1,1,1,1,1,1,1,1,1,1,1,1,1,1,1,1,4
Garhwal,0,0,0,0,0,0,0,0,0,0,0,1,0,0,0,0,0,0,0,0,4.5
Sarnath,1,1,1,1,0,1,1,1,1,1,1,1,1,1,1,0,1,1,0,0,4.5
Mathura,1,1,1,1,1,1,1,1,1,1,1,1,1,1,1,1,1,1,1,1,4
Old Delhi,1,1,1,1,1,1,1,1,1,1,1,1,1,1,1,1,1,1,1,1,4.5
Agra,1,1,1,1,1,1,1,1,1,1,1,1,1,1,1,1,1,1,1,1,4
Purnia,1,1,1,1,1,1,1,1,1,1,1,1,1,1,1,1,1,1,1,1,3.0
Madhubani district,1,1,1,1,1,1,1,1,1,1,1,1,1,1,1,0,1,1,0,1,3.5
Munger,0,1,1,1,1,1,1,0,1,1,1,1,1,1,1,0,1,1,1,1,4
Muzaffarnagar,0,0,1,1,1,1,1,1,1,1,1,1,0,1,1,1,1,1,1,1,2.5
Pawapuri,1,1,1,1,0,1,0,1,1,1,1,1,1,1,1,0,1,1,0,0,4
Sitamarhi,1,0,1,1,0,1,0,0,1,1,1,1,0,1,1,0,1,1,1,0,4.5
Bhagalpur,1,1,1,1,1,1,1,1,1,1,1,1,1,1,1,1,1,1,1,1,3.5
Vaishali (ancient city),1,1,1,1,0,1,1,1,1,1,1,1,1,1,1,1,1,1,0,1,4
Sasaram,1,1,1,1,1,1,1,1,1,1,1,1,1,1,1,0,1,1,1,1,3.5
Bodh Gaya,1,1,1,1,1,1,1,1,1,1,1,1,1,1,1,1,1,1,0,1,4
Rajgir,1,1,1,1,1,1,0,1,1,1,1,1,1,1,1,0,1,1,1,0,4.5
Patna,1,1,1,1,1,1,1,1,1,1,1,1,1,1,1,1,1,1,1,1,3
Sydney,1,1,1,1,1,1,1,1,1,1,1,1,1,1,1,1,1,1,1,1,5.0
Auckland,1,1,1,1,1,1,1,1,1,1,1,1,1,1,1,1,1,1,1,1,3.5
Brisbane,1,1,1,1,1,1,1,1,1,1,1,1,1,1,1,1,1,1,1,1,4.5
Perth,1,1,1,1,1,1,1,1,1,1,1,1,1,1,1,1,1,1,1,1,4.5
Gold Coast  Queensland,1,1,1,1,1,1,1,1,1,1,1,1,1,1,1,1,1,1,1,1,5.0
Queenstown  New Zealand,1,1,1,1,1,1,1,1,1,1,1,1,1,1,1,1,1,1,1,1,3.5
Fiji,1,1,1,1,1,1,1,1,1,1,1,1,1,1,1,1,1,1,1,1,4
Byron Bay  New South Wales,0,1,1,1,1,1,1,1,1,1,1,1,1,1,1,1,1,1,1,0,4.5
Melbourne,1,1,1,1,1,1,1,1,1,1,1,1,1,1,1,1,1,1,1,1,4.5
Tahiti,1,1,1,1,1,1,1,1,1,1,1,1,1,1,1,1,1,1,1,1,4
Rotorua,1,1,1,1,1,1,1,1,1,1,1,1,1,1,1,1,1,1,1,0,4
Port Moresby,0,1,1,1,1,1,1,1,1,1,1,1,1,1,1,1,1,1,1,1,1
Samoa,1,1,1,1,1,1,1,1,1,1,1,1,1,1,1,1,1,1,1,1,4
Panaji,1,1,1,1,1,1,1,1,1,1,1,1,1,1,1,0,1,1,1,1,4
Benaulim,1,1,1,1,1,1,0,1,1,1,1,1,1,1,1,0,1,1,1,0,4.5
Arambol,0,1,0,1,1,0,1,0,1,1,1,1,0,1,1,1,1,1,0,1,4.5
Anjuna,0,1,0,1,1,0,1,0,1,1,1,1,1,1,1,1,1,1,1,0,4.5
Baga  Goa,0,1,1,0,0,1,0,1,1,1,1,1,0,1,1,0,1,1,1,0,4
Miramar  Goa,0,0,0,0,0,1,0,0,1,1,1,1,0,1,1,1,1,1,0,0,3.5
Colva,1,1,1,1,1,1,1,1,1,1,1,1,1,1,1,1,1,1,0,0,4.5
Calangute,0,1,0,0,1,0,1,0,1,1,1,1,0,1,1,0,1,1,1,0,4.5
Dona Paula,0,0,1,1,0,1,0,0,1,1,1,1,0,1,1,0,1,1,0,1,4
Margao,1,1,1,1,1,1,1,1,1,1,1,1,1,1,1,1,1,1,1,1,4
St. Mary%27s Islands,1,1,1,1,1,1,1,1,1,1,1,1,0,1,1,1,1,1,1,0,4.5
Makalidurga,1,1,0,1,0,0,1,0,1,1,1,1,0,1,1,1,1,1,0,0,4
Bylakuppe,1,1,1,1,1,1,1,1,1,1,1,1,0,1,1,0,1,1,1,1,3
Dandeli,1,1,1,1,1,1,1,1,1,1,1,1,0,1,1,1,1,1,0,0,4
Badami,1,1,1,1,1,1,1,1,1,1,1,1,1,1,1,0,1,1,0,1,3.5
Sigandur,1,1,0,1,0,1,0,1,1,1,1,1,0,1,1,1,1,1,0,0,5.0
Tumkur,1,1,1,1,1,1,1,1,1,1,1,1,1,1,1,1,1,1,0,1,3.5
Belgaum,1,1,1,1,1,1,1,1,1,1,1,1,1,1,1,1,1,1,1,1,4.5
Mysore,1,1,1,1,1,1,1,1,1,1,1,1,1,1,1,1,1,1,1,1,4
Hubli,1,1,1,1,1,1,1,1,1,1,1,1,0,1,1,1,1,1,1,1,4
Dudhsagar Falls,1,1,1,1,0,1,1,1,1,1,1,1,0,1,1,1,1,1,0,0,3.5
Srirangapatna,1,1,1,1,1,1,1,1,1,1,1,1,1,1,1,0,1,1,0,1,4.0
Dharmasthala,1,1,1,1,0,1,1,1,1,1,1,1,1,1,1,1,1,1,0,0,4.5
Malpe,1,1,0,1,1,1,0,0,1,1,1,1,0,1,1,0,1,1,0,0,3.5
Murdeshwar,1,0,1,1,0,1,0,1,1,1,1,1,0,1,1,0,1,1,0,0,4
Karwar  Karnataka,1,1,1,1,1,1,1,1,1,1,1,1,1,1,1,1,1,1,0,1,4.5
Kemmangundi,1,1,1,1,0,1,1,1,1,1,1,1,0,1,1,0,1,1,0,1,3.5
Hampi,1,1,1,1,0,1,1,1,1,1,1,1,1,1,1,1,1,1,1,1,4
Gokarna  Karnataka,1,1,1,1,0,1,1,1,1,1,1,1,1,1,1,0,1,1,0,1,4.0
Kodagu district,1,1,1,1,1,1,1,1,1,1,1,1,1,1,1,1,1,1,1,0,4
Belur (town),1,1,1,1,0,1,0,1,1,1,1,1,1,1,1,0,1,1,0,0,4.5
Shravanabelagola,1,1,1,1,0,1,1,1,1,1,1,1,1,1,1,0,1,1,0,0,4.5
Maravanthe,1,1,0,1,0,0,1,1,1,1,1,1,0,1,1,0,1,1,0,0,2
Mangalore,1,1,1,1,1,1,1,1,1,1,1,1,1,1,1,1,1,1,1,1,4
Dakshina Kannada#South Canara,1,1,1,1,1,1,1,1,1,1,1,1,1,1,1,1,1,1,1,1,4.5
Bijapur,1,1,1,1,1,1,1,1,1,1,1,1,1,1,1,1,1,1,1,1,4
Bangalore,1,1,1,1,1,1,1,1,1,1,1,1,1,1,1,1,1,1,1,1,3.5
Shimoga,1,1,1,1,1,1,1,1,1,1,1,1,1,1,1,1,1,1,1,1,4.5
Hyderabad,1,1,1,1,1,1,1,1,1,1,1,1,1,1,1,1,1,1,1,1,4.5
Secunderabad,1,1,1,1,1,1,1,1,1,1,1,1,1,1,1,0,1,1,1,1,2.5
Bhadrachalam,1,0,0,1,1,0,0,0,1,1,1,1,1,1,1,0,1,1,0,0,4.5
Allagadda,1,1,1,1,0,1,0,1,1,1,1,1,0,1,1,1,1,1,0,1,4.5
Tirumala,1,1,1,1,1,1,1,1,1,1,1,1,0,1,1,0,1,1,1,0,4.5
Srikalahasti,1,1,1,1,1,1,1,0,1,1,1,1,1,1,1,0,1,1,0,1,4.5
Gandikota,1,1,0,1,0,1,0,1,1,1,1,1,1,1,1,0,1,1,0,1,4.5
Lepakshi,1,1,1,1,0,1,0,0,1,1,1,1,0,1,1,0,1,1,0,0,4
Amaravati,1,1,1,1,0,1,1,1,1,1,1,1,1,1,1,0,1,1,1,1,4
Chittoor  Andhra Pradesh,1,1,1,1,1,0,1,0,1,1,1,1,1,1,1,1,1,1,0,0,3
Tenali,1,1,1,1,1,1,1,1,1,1,1,1,1,1,1,1,1,1,1,1,4
Nellore,0,1,1,1,1,1,1,0,1,1,1,1,1,1,1,0,1,1,0,1,4
Tirupati,1,1,1,1,1,1,1,1,1,1,1,1,1,1,1,0,1,1,1,1,4.5
Machilipatnam,1,1,1,1,1,1,1,1,1,1,1,1,1,1,1,1,1,1,1,0,4.5
Bomdila,0,0,0,1,1,1,0,0,1,1,1,1,0,1,1,0,1,1,1,0,4.5
Visakhapatnam,1,1,1,1,1,1,1,1,1,1,1,1,1,1,1,1,1,1,1,1,4.5
Nagalapuram,1,0,0,1,1,1,0,0,1,1,1,1,0,1,1,0,1,1,0,0,4.5
Warangal,1,1,1,1,1,1,1,1,1,1,1,1,1,1,1,0,1,1,1,1,4.5
Kurnool,0,1,1,1,1,1,1,1,1,1,1,1,1,1,1,0,1,1,1,1,4.5
Kadapa,1,1,1,1,1,1,1,1,1,1,1,1,1,1,1,1,1,1,1,1,4.5
Rajahmundry,1,1,1,1,1,1,1,1,1,1,1,1,1,1,1,1,1,1,1,1,4.5
Munnar,0,1,1,1,0,1,1,0,1,1,1,1,0,1,1,0,1,1,1,0,4.5
Kannur,1,1,1,1,1,1,1,1,1,1,1,1,1,1,1,1,1,1,1,1,1.5
Kakkadampoyil,0,1,1,1,0,0,0,0,1,1,1,1,0,1,1,0,1,1,1,0,3.5
Kodanad,0,0,1,1,1,1,1,0,1,1,1,1,0,1,1,1,1,1,0,0,3.5
Kalpetta,1,0,1,1,1,0,1,0,1,1,1,1,1,1,1,0,1,1,0,1,4
Thrissur,1,1,1,1,1,1,1,1,1,1,1,1,1,1,1,1,1,1,1,1,4
Guruvayur,1,1,1,1,1,1,1,1,1,1,1,1,1,1,1,0,1,1,0,0,4.5
Thenmala,0,0,0,1,0,1,0,0,1,1,1,1,0,1,1,0,1,1,0,0,4
Kollam,1,1,1,1,1,1,1,1,1,1,1,1,1,1,1,1,1,1,1,1,4
Kumarakom,0,1,1,1,0,1,1,1,1,1,1,1,0,1,1,1,1,1,0,0,4.5
Athirappilly,1,1,1,1,0,1,1,1,1,1,1,1,1,1,1,1,1,1,0,1,4.5
Vagamon,0,1,1,1,0,1,0,1,1,1,1,1,0,1,1,1,1,1,0,0,3.5
Aluva,1,1,1,1,1,1,1,1,1,1,1,1,1,1,1,1,1,1,0,0,3.5
Wayanad district,1,1,1,1,1,1,1,1,1,1,1,1,1,1,1,1,1,1,1,1,4.5
Alappuzha,1,1,1,1,1,1,1,1,1,1,1,1,1,1,1,1,1,1,1,1,4.0
Palakkad,0,1,1,1,1,1,1,0,1,1,1,1,0,1,1,0,1,1,0,0,4.0
Sabarimala,1,1,1,1,0,1,1,1,1,1,1,1,1,1,1,1,1,1,1,0,4
Thiruvananthapuram,1,1,1,1,1,1,1,1,1,1,1,1,1,1,1,1,1,1,1,1,4.5
Thekkady,1,1,0,1,0,0,0,1,1,1,1,1,1,1,1,0,1,1,1,0,4.0
Kozhikode,1,1,1,1,1,1,1,1,1,1,1,1,1,1,1,1,1,1,1,1,3.5
Kovalam,1,1,1,1,0,1,1,1,1,1,1,1,0,1,1,0,1,1,1,0,4
Kollam,1,1,1,1,1,1,1,1,1,1,1,1,1,1,1,1,1,1,1,1,3.5
Ernakulam,1,1,1,1,1,1,1,1,1,1,1,1,0,1,1,1,1,1,1,0,4.5
Kochi,0,1,1,1,1,1,1,1,1,1,1,1,1,1,1,1,1,1,1,1,4
Kottayam,1,1,1,1,1,1,1,1,1,1,1,1,1,1,1,1,1,1,1,0,4.5
Kodaikanal,1,1,1,1,1,1,1,1,1,1,1,1,1,1,1,1,1,1,1,1,4
Tirunelveli,1,1,1,1,1,1,1,1,1,1,1,1,1,1,1,0,1,1,1,1,3
Karaikudi,1,1,1,1,1,1,1,0,1,1,1,1,1,1,1,0,1,1,1,1,3.5
Valparai,1,0,1,1,1,1,1,0,1,1,1,1,1,1,1,1,1,1,0,1,4
Thirumayam,1,1,1,1,0,1,0,1,1,1,1,1,1,1,1,0,1,1,0,0,3.5
Thoothukudi,1,1,1,1,1,1,1,1,1,1,1,1,1,1,1,1,1,1,1,1,2.5
Theni,0,1,1,1,0,1,0,1,1,1,1,1,0,1,1,0,1,1,0,0,4.5
Palani,1,1,1,1,1,1,1,1,1,1,1,1,1,1,1,0,1,1,0,0,3.5
Tiruchirappalli,1,1,1,1,1,1,1,1,1,1,1,1,1,1,1,1,1,1,1,1,3.5
Yercaud,1,1,1,1,1,1,1,1,1,1,1,1,0,1,1,1,1,1,0,0,4.0
Kumbakonam,1,1,1,1,1,1,1,1,1,1,1,1,1,1,1,1,1,1,1,1,4.5
Courtallam,1,1,1,1,1,1,1,1,1,1,1,1,0,1,1,1,1,1,0,0,4
Tiruvannamalai,1,1,1,1,1,1,1,1,1,1,1,1,1,1,1,1,1,1,0,1,4.5
Yelagiri,1,1,1,1,0,1,1,1,1,1,1,1,1,1,1,1,1,1,0,1,3.5
Thanjavur,1,1,1,1,1,1,1,1,1,1,1,1,1,1,1,1,1,1,1,1,4.5
Ooty,1,1,1,1,1,1,1,1,1,1,1,1,1,1,1,1,1,1,1,1,4
Madurai,1,1,1,1,1,1,1,1,1,1,1,1,1,1,1,1,1,1,1,1,4
Kanyakumari,1,1,1,1,1,1,1,0,1,1,1,1,1,1,1,1,1,1,1,1,4.5
Kanchipuram,1,1,1,1,1,1,1,1,1,1,1,1,1,1,1,1,1,1,0,1,4.5
Chennai,1,1,1,1,1,1,1,1,1,1,1,1,1,1,1,1,1,1,1,1,4.0
Coimbatore,1,1,1,1,1,1,1,1,1,1,1,1,1,1,1,1,1,1,1,1,4.5
Coonoor,1,1,1,1,1,1,1,1,1,1,1,1,1,1,1,0,1,1,1,1,4
Rameswaram,1,1,1,1,1,1,1,1,1,1,1,1,1,1,1,1,1,1,0,1,4.5
Yercaud,1,1,1,1,1,1,1,1,1,1,1,1,0,1,1,1,1,1,0,0,4.0
Pondicherry,1,1,1,1,1,1,1,1,1,1,1,1,1,1,1,1,1,1,1,1,4
Port Blair,0,1,1,1,1,1,1,1,1,1,1,1,1,1,1,0,1,1,1,0,4.5
Havelock Island,0,1,1,1,1,1,1,0,1,1,1,1,0,1,1,1,1,1,0,0,4.5
Agatti Island,0,1,1,1,1,1,0,1,1,1,1,1,0,1,1,1,1,1,0,0,4.5
Lakshadweep,0,1,1,1,1,1,1,1,1,1,1,1,1,1,1,1,1,1,1,0,3.5
Silvassa,1,1,1,1,1,1,1,1,1,1,1,1,1,1,1,1,1,1,1,1,3.5
Namchi,1,1,1,1,1,1,1,1,1,1,1,1,0,1,1,1,1,1,1,1,4.5
Ravangla,0,1,1,0,0,0,0,1,1,1,1,1,0,1,1,0,1,1,0,0,4.5
Soreng,0,0,0,1,0,1,0,0,1,1,1,1,0,1,1,1,1,1,0,0,3
Lachung,1,1,0,1,0,0,1,1,1,1,1,1,0,1,1,0,1,1,0,0,3.5
Gangtok,1,1,1,1,1,1,1,1,1,1,1,1,1,1,1,1,1,1,1,1,4.5
Dibrugarh,1,1,1,1,1,1,1,1,1,1,1,1,1,1,1,1,1,1,1,1,4.0
Tinsukia,1,0,0,1,1,1,1,1,1,1,1,1,0,1,1,1,1,1,1,0,4
Digboi,1,1,1,1,1,1,1,1,1,1,1,1,1,1,1,1,1,1,1,1,4.5
Jorhat,1,1,1,1,1,1,1,1,1,1,1,1,1,1,1,1,1,1,1,1,4
Majuli,1,1,1,1,1,1,1,1,1,1,1,1,1,1,1,1,1,1,0,1,4.5
Guwahati,1,1,1,1,1,1,1,1,1,1,1,1,1,1,1,1,1,1,1,1,4
Bhalukpong,0,0,0,0,0,0,1,0,1,1,1,1,0,1,1,0,1,1,0,0,4
Itanagar,1,1,0,1,1,1,1,1,1,1,1,1,0,1,1,1,1,1,1,1,3
Tawang,0,1,1,1,1,1,1,1,1,1,1,1,0,1,1,1,1,1,1,0,4.5
Shillong,1,1,1,1,1,1,1,0,1,1,1,1,1,1,1,1,1,1,1,1,4.5
Cherrapunji,1,1,1,1,1,1,1,1,1,1,1,1,1,1,1,1,1,1,1,0,4.5
Mawlynnong,0,0,0,0,1,1,0,0,1,1,1,1,0,1,1,1,1,1,0,0,4.5
Wokha,0,1,1,1,1,0,1,1,1,1,1,1,0,1,1,0,1,1,0,0,3.5
Dimapur,1,1,1,1,1,1,1,1,1,1,1,1,1,1,1,1,1,1,1,1,4
Kohima,1,1,1,1,1,1,1,1,1,1,1,1,1,1,1,1,1,1,0,1,3.5
Ukhrul,1,1,1,1,0,1,1,1,1,1,1,1,1,1,1,1,1,1,1,1,4
Imphal,1,1,1,1,0,1,1,1,1,1,1,1,0,1,1,1,1,1,1,1,4
Aizawl,0,1,1,1,1,1,1,0,1,1,1,1,0,1,1,1,1,1,0,1,4
Unakoti,0,1,1,1,0,1,1,1,1,1,1,1,1,1,1,1,1,1,0,1,4
Agartala,1,1,1,1,1,1,1,1,1,1,1,1,1,1,1,1,1,1,1,1,4.5
Murshidabad,0,1,1,1,1,1,1,1,1,1,1,1,1,1,1,0,1,1,1,1,4.5
Bagdogra,1,1,0,1,0,1,1,0,1,1,1,1,0,1,1,1,1,1,1,0,1
Digha,1,0,0,1,1,1,1,0,1,1,1,1,1,1,1,1,1,1,1,1,3.5
Gadiara,0,0,0,0,0,0,0,0,1,1,1,1,0,1,1,0,1,1,0,0,4.5
Mukutmanipur,0,0,0,0,1,0,1,0,1,1,1,1,0,1,1,0,1,1,1,1,3
Sundarbans,0,1,1,1,1,1,1,1,1,1,1,1,1,1,1,1,1,1,1,1,4
Haldia,0,0,1,0,1,0,1,0,1,1,1,1,1,1,1,1,1,1,1,1,1.5
Raiganj,1,1,1,1,1,1,1,1,1,1,1,1,1,1,1,1,1,1,1,1,3.5
Asansol,1,1,1,1,1,1,1,1,1,1,1,1,1,1,1,0,1,1,1,0,3.5
Purulia,1,1,1,1,1,1,1,1,1,1,1,1,1,1,1,1,1,1,1,1,4.0
Howrah,1,1,1,1,1,1,1,1,1,1,1,1,1,1,1,0,1,1,1,1,3.5
Baharampur,0,1,1,1,1,1,1,1,1,1,1,1,0,1,1,1,1,1,1,0,4
Durgapur,1,1,1,1,1,1,1,1,1,1,1,1,1,1,1,1,1,1,1,1,4
Krishnanagar  Nadia,1,1,1,1,1,1,1,1,1,1,1,1,1,1,1,1,1,1,1,1,4
Bakkhali,0,1,1,1,0,1,1,0,1,1,1,1,1,1,1,1,1,1,0,0,3
Mandarmani,0,0,1,1,0,1,0,0,1,1,1,1,0,1,1,1,1,1,0,0,3
Darjeeling,1,1,1,1,1,1,1,1,1,1,1,1,1,1,1,1,1,1,1,1,4.5
Kolkata,1,1,1,1,1,1,1,1,1,1,1,1,1,1,1,1,1,1,1,1,4
Kalimpong,1,1,1,1,1,1,1,1,1,1,1,1,1,1,1,1,1,1,1,1,4.0
Rourkela,1,1,1,1,1,1,1,1,1,1,1,1,1,1,1,1,1,1,1,1,4
Gopalpur  Odisha,1,1,1,1,1,1,1,1,1,1,1,1,1,1,1,1,1,1,1,1,3.5
Kendujhar,1,1,1,1,1,1,1,1,1,1,1,1,1,1,1,1,1,1,1,1,4.5
Phulbani,1,0,1,1,1,1,1,0,1,1,1,1,1,1,1,1,1,1,1,1,3
Sambalpur,1,1,1,1,1,1,1,1,1,1,1,1,1,1,1,1,1,1,1,1,4
Jeypore,1,1,1,1,1,1,1,1,1,1,1,1,1,1,1,1,1,1,1,1,4.5
Koraput,1,1,1,1,1,1,1,1,1,1,1,1,1,1,1,1,1,1,1,1,2.5
Cuttack,1,1,1,1,1,1,1,1,1,1,1,1,1,1,1,1,1,1,1,1,3.5
Bhubaneswar,1,1,1,1,1,1,1,1,1,1,1,1,1,1,1,1,1,1,1,1,4
Puri,1,1,1,1,1,1,1,1,1,1,1,1,1,1,1,1,1,1,1,0,4.5
Angul,1,1,1,1,1,1,1,0,1,1,1,1,1,1,1,1,1,1,1,1,4.5
Ghatshila,1,1,1,1,1,1,1,1,1,1,1,1,1,1,1,1,1,1,1,1,3.5
Maluti,1,1,1,1,0,1,1,1,1,1,1,1,1,1,1,0,1,1,0,1,3
Netarhat,1,1,0,1,0,0,0,1,1,1,1,1,0,1,1,0,1,1,0,0,2.5
Dumka,1,1,1,1,1,1,1,1,1,1,1,1,1,1,1,0,1,1,1,1,2
Jamshedpur,1,1,1,1,1,1,1,1,1,1,1,1,1,1,1,1,1,1,1,0,4
Medininagar,1,1,1,1,1,1,1,1,1,1,1,1,0,1,1,1,1,1,1,1,3
Dhanbad,1,1,1,1,1,1,1,1,1,1,1,1,1,1,1,1,1,1,1,1,4
Hazaribagh,0,1,1,1,1,1,1,1,1,1,1,1,1,1,1,1,1,1,1,1,3
Latehar,1,1,1,1,1,1,1,1,1,1,1,1,1,1,1,1,1,1,1,1,3
Ranchi,1,1,1,1,1,1,1,1,1,1,1,1,0,1,1,0,1,1,1,0,4
Bastar district,0,1,1,1,1,1,1,1,1,1,1,1,1,1,1,1,1,1,1,1,3.5
Jamnagar,1,1,1,1,1,1,1,1,1,1,1,1,1,1,1,1,1,1,1,1,2.5
Vadodara,0,1,1,1,1,1,1,1,1,1,1,1,1,1,1,1,1,1,1,1,4.0
Dang District  India,0,0,1,1,1,0,1,0,1,1,1,1,0,1,1,0,1,1,0,0,4
Gandhinagar,1,1,1,1,1,1,1,0,1,1,1,1,0,1,1,0,1,1,1,1,4.5
Mandvi,0,1,1,1,1,1,1,1,1,1,1,1,1,1,1,1,1,1,0,1,4.5
Bhuj,1,1,1,1,1,1,1,1,1,1,1,1,1,1,1,1,1,1,1,1,4.5
Bhavnagar,0,1,1,1,1,1,1,1,1,1,1,1,1,1,1,1,1,1,1,1,4.0
Veraval,1,1,0,1,1,1,1,1,1,1,1,1,1,1,1,0,1,1,0,1,4
Rajkot,1,1,1,1,1,1,1,1,1,1,1,1,0,1,1,1,1,1,1,1,4
Kutch district,1,1,1,1,1,1,1,1,1,1,1,1,1,1,1,1,1,1,1,1,5.0
Dwarka,1,1,1,1,1,1,1,1,1,1,1,1,1,1,1,1,1,1,0,0,4.0
Palitana,1,1,1,1,1,1,1,1,1,1,1,1,1,1,1,0,1,1,1,1,5.0
Udwada,1,1,1,1,0,1,1,1,1,1,1,1,1,1,1,0,1,1,1,0,4
Saurashtra (region),0,1,1,1,1,1,1,1,1,1,1,1,1,1,1,1,1,1,1,1,4.5
Gondal  India,1,0,0,1,1,1,1,1,1,1,1,1,1,1,1,1,1,1,1,1,4.5
Diu  India,1,1,1,1,1,1,0,1,1,1,1,1,1,1,1,1,1,1,0,1,4
Junagadh,1,1,1,1,1,1,1,1,1,1,1,1,1,1,1,1,1,1,1,1,4.5
Porbander,1,1,1,1,1,1,1,1,1,1,1,1,1,1,1,1,1,1,0,1,4
Surat,0,1,1,1,1,1,1,1,1,1,1,1,1,1,1,0,1,1,0,1,4.0
Baroda,0,1,1,1,1,1,1,1,1,1,1,1,1,1,1,1,1,1,1,1,4.5
Ahmedabad,1,1,1,1,1,1,1,1,1,1,1,1,1,1,1,1,1,1,1,1,4.5
Daman,0,0,0,0,0,0,0,0,0,0,0,1,0,0,0,1,0,0,0,0,3
Tikamgarh,1,1,1,1,1,1,0,0,1,1,1,1,1,1,1,0,1,1,0,0,2
Dewas,1,1,1,1,1,1,1,1,1,1,1,1,1,1,1,0,1,1,1,1,4.5
Multai,1,1,1,1,1,1,0,0,1,1,1,1,0,1,1,0,1,1,0,0,4
Bhedaghat,1,0,1,1,1,1,0,0,1,1,1,1,1,1,1,0,1,1,0,0,3.5
Singrauli,0,1,1,1,0,1,1,1,1,1,1,1,1,1,1,1,1,1,1,1,3.5
Jhansi,1,1,1,1,1,1,1,1,1,1,1,1,1,1,1,1,1,1,1,1,4
Ratlam,1,1,1,1,1,1,1,1,1,1,1,1,1,1,1,1,1,1,0,0,3.5
Orchha,1,1,1,1,1,1,0,1,1,1,1,1,1,1,1,0,1,1,0,0,4.5
Amarkantak,1,1,1,1,1,1,1,1,1,1,1,1,0,1,1,0,1,1,0,1,4.5
Chitrakoot  Madhya Pradesh,1,1,1,1,1,1,1,1,1,1,1,1,0,1,1,1,1,1,0,1,4
Sanchi,1,1,1,1,1,1,1,1,1,1,1,1,1,1,1,1,1,1,1,1,4.5
Datia,1,1,1,1,1,1,1,0,1,1,1,1,1,1,1,0,1,1,1,1,4
Panchmarhi,1,1,1,1,1,1,1,1,1,1,1,1,1,1,1,1,1,1,1,1,4.0
Maheshwar,1,1,1,1,1,1,1,1,1,1,1,1,1,1,1,1,1,1,1,1,3.5
Mandu  Madhya Pradesh,1,1,1,1,0,1,1,1,1,1,1,1,1,1,1,0,1,1,0,1,4.0
Bhopal,1,1,1,1,1,1,1,1,1,1,1,1,1,1,1,1,1,1,1,1,4.5
Jabalpur,1,1,1,1,1,1,1,1,1,1,1,1,1,1,1,1,1,1,1,1,3.5
Indore,1,1,1,1,1,1,1,1,1,1,1,1,1,1,1,1,1,1,1,1,4.5
Pachmarhi,1,1,1,1,1,1,1,1,1,1,1,1,1,1,1,1,1,1,1,1,4.5
Gwalior,1,1,1,1,1,1,1,1,1,1,1,1,1,1,1,1,1,1,1,1,4
Ujjain,1,1,1,1,1,1,1,1,1,1,1,1,1,1,1,1,1,1,0,1,4.5
Ganpatipule,1,1,1,1,0,1,1,0,1,1,1,1,0,1,1,1,1,1,0,0,4.5
Saputara,1,0,0,1,0,0,0,0,1,1,1,0,0,1,1,0,1,1,0,0,3.5
Tuljapur,1,0,0,1,1,1,1,0,1,1,1,1,1,1,1,1,1,1,0,1,4.5
Ahmednagar,1,0,1,1,1,1,1,1,1,1,1,1,1,1,1,0,1,1,1,1,4
Sevagram,1,1,1,1,0,1,1,1,1,1,1,1,1,1,1,1,1,1,1,1,3
Palghar,0,1,1,1,1,1,1,0,1,1,1,1,0,1,1,1,1,1,1,1,1.5
Kaas Plateau,0,1,1,1,0,1,0,1,1,1,1,1,0,1,1,1,1,1,1,0,4
Kalyan,1,1,1,1,1,1,1,1,1,1,1,1,1,1,1,1,1,1,1,1,3.5
Sawantwadi,0,0,0,1,1,1,0,0,1,1,1,1,0,1,1,0,1,1,0,0,4.5
Ratnagiri,0,0,1,1,1,0,1,0,1,1,1,1,0,1,1,1,1,1,0,0,4
Dudhani,0,0,0,1,1,0,0,0,1,1,1,0,0,1,1,0,1,1,0,0,3
Shrivardhan,1,1,1,1,1,1,1,1,1,1,1,1,1,1,1,1,1,1,0,1,4.5
Wai  Maharashtra,1,1,1,1,1,1,1,1,1,1,1,1,1,1,1,1,1,1,0,1,5.0
Solapur,1,1,1,1,1,1,1,1,1,1,1,1,1,1,1,1,1,1,1,1,3.5
Khed  Ratnagiri,1,1,0,1,1,1,1,0,1,1,1,1,0,1,1,0,1,1,0,0,4
Amravati,1,1,1,1,1,1,1,1,1,1,1,1,1,1,1,1,1,1,1,1,4.5
Malvan,1,1,1,1,1,1,1,1,1,1,1,1,1,1,1,1,1,1,0,1,4.5
Kolad,0,1,0,1,1,1,1,0,1,1,1,1,0,1,1,1,1,1,0,0,4
Bhivpuri,1,0,1,1,0,1,0,0,1,1,1,1,0,1,1,1,1,1,1,1,3.5
Nashik,1,1,1,1,1,1,1,1,1,1,1,1,1,1,1,0,1,1,1,1,4
Shani Shingnapur,1,1,1,1,0,1,1,1,1,1,1,1,0,1,1,1,1,1,1,1,2
Magarpatta,0,0,0,0,0,1,1,1,1,1,1,1,1,1,1,0,1,1,0,0,3.5
Lavasa,0,1,1,1,1,1,1,1,1,1,1,1,0,1,1,0,1,1,1,1,3
Amboli  Sindhudurg,1,0,1,1,0,0,0,1,1,1,1,1,0,1,1,0,1,1,0,0,4
Aamby Valley City,0,0,0,1,0,1,1,0,1,1,1,1,0,1,1,0,1,1,0,1,3.0
Diveagar,1,1,1,1,1,0,0,1,1,1,1,1,0,1,1,0,1,1,0,0,4
Kamshet,1,1,0,1,1,1,1,1,1,1,1,1,1,1,1,1,1,1,1,1,4.0
Aurangabad  Maharashtra,1,1,1,1,1,1,1,1,1,1,1,1,1,1,1,1,1,1,1,1,4.5
Tarkarli,1,0,1,1,0,0,0,0,1,1,1,1,0,1,1,0,1,1,0,0,4
Tuljapur,1,0,0,1,1,1,1,0,1,1,1,1,1,1,1,1,1,1,0,1,4.5
Satara (city),0,1,1,1,1,1,1,1,1,1,1,1,1,1,1,0,1,1,0,1,4.5
Pandharpur,1,1,0,1,1,1,0,0,1,1,1,1,0,1,1,1,1,1,0,0,3.5
Ganpatipule,1,1,1,1,0,1,1,0,1,1,1,1,0,1,1,1,1,1,0,0,4.5
Bhandardhara,1,1,1,1,0,1,1,1,1,1,1,1,0,1,1,0,1,1,0,1,4.5
Kolhapur,1,1,1,1,1,1,1,1,1,1,1,1,1,1,1,0,1,1,1,1,4
Saputara,1,0,0,1,0,0,0,0,1,1,1,0,0,1,1,0,1,1,0,0,3.5
Navi Mumbai,0,1,1,1,1,1,1,1,1,1,1,1,1,1,1,1,1,1,1,1,4
Panchgani,1,1,1,1,1,1,1,1,1,1,1,1,1,1,1,1,1,1,1,1,4.0
Shirdi,1,1,0,1,1,1,0,1,1,1,1,1,1,1,1,1,1,1,1,0,4.5
Nagpur,1,1,1,1,1,1,1,1,1,1,1,1,1,1,1,1,1,1,1,1,4
Mahabaleshwar,1,1,1,1,1,1,1,1,1,1,1,1,1,1,1,0,1,1,0,0,4
Khandala,1,1,0,1,0,1,1,0,1,1,1,1,1,1,1,1,1,1,1,1,4.5
Lonavla,1,0,0,1,1,1,1,0,1,1,1,1,1,1,1,0,1,1,0,0,4
Kihim,1,1,1,1,1,1,1,1,1,1,1,1,1,1,1,1,1,1,0,0,4.0
Dahanu,1,1,1,1,1,1,1,1,1,1,1,1,1,1,1,1,1,1,1,1,4
Bassein,0,0,0,0,0,0,0,0,0,0,0,1,0,0,0,0,0,0,0,0,4.5
Alibag,0,1,1,1,1,1,1,1,1,1,1,1,1,1,1,1,1,1,1,0,4.0
Mumbai,1,1,1,1,1,1,1,1,1,1,1,1,1,1,1,1,1,1,1,1,4
Dhaka,1,1,1,1,1,1,1,1,1,1,1,1,1,1,1,1,1,1,1,1,4.5
Chittagong,1,1,1,1,1,1,1,1,1,1,1,1,1,1,1,1,1,1,1,1,3.5
Zhejiang,1,1,1,1,1,1,1,1,1,1,1,1,1,1,1,1,1,1,0,1,3.5
Yunnan,1,1,1,1,1,1,1,1,1,1,1,1,1,1,1,1,1,1,1,1,4
Macau,1,1,1,1,1,1,1,1,1,1,1,1,1,1,1,1,1,1,1,1,4
Guilin,0,1,1,1,0,1,1,1,1,1,1,1,0,1,1,1,1,1,1,0,4
Shanghai,1,1,1,1,1,1,1,1,1,1,1,1,1,1,1,1,1,1,1,1,4.5
Beijing,1,1,1,1,1,1,1,1,1,1,1,1,1,1,1,1,1,1,1,1,4.5
Hong kong,1,1,1,1,1,1,1,1,1,1,1,1,1,1,1,1,1,1,1,1,4
Bali,1,1,1,1,1,1,1,1,1,1,1,1,1,1,1,1,1,1,1,1,4.5
Java,1,1,1,1,1,1,1,1,1,1,1,1,1,1,1,1,1,1,1,0,4.5
Jakarta,1,1,1,1,1,1,1,1,1,1,1,1,1,1,1,1,1,1,1,1,4
Hiroshima,1,1,1,1,1,1,1,1,1,1,1,1,1,1,1,1,1,1,1,1,4
Tokyo,1,1,1,1,1,1,1,1,1,1,1,1,1,1,1,1,1,1,1,1,4.5
Almaty,1,1,1,1,1,1,1,1,1,1,1,1,1,1,1,1,1,1,1,1,3
Pulau Ketam,0,1,0,1,0,1,0,0,1,1,1,1,0,1,1,0,1,1,0,0,4.5
Putrajaya,1,1,1,1,1,1,1,1,1,1,1,1,1,1,1,1,1,1,1,1,3.5
Penang,1,1,1,1,1,1,1,1,1,1,1,1,1,1,1,1,1,1,1,1,4
Kuala Lumpur,1,1,1,1,1,1,1,1,1,1,1,1,1,1,1,1,1,1,1,1,4.5
Langkawi,0,1,1,1,1,1,1,1,1,1,1,1,1,1,1,1,1,1,1,0,4.5
Miri  Malaysia,1,1,1,1,1,1,1,1,1,1,1,1,1,1,1,1,1,1,1,1,4
Kuala Kangsar District,0,1,1,1,1,1,0,1,1,1,1,1,1,1,1,0,1,1,0,0,4.5
Tioman Island,0,1,1,1,1,1,0,1,1,1,1,1,0,1,1,0,1,1,0,0,4.5
Kuantan,1,1,1,1,1,1,1,1,1,1,1,1,1,1,1,0,1,1,1,1,4
Shah Alam,1,1,1,1,1,1,1,1,1,1,1,1,1,1,1,1,1,1,1,1,4
Johor Bahru,1,1,1,1,1,1,1,1,1,1,1,1,1,1,1,1,1,1,1,1,4
Batu Gajah,1,0,1,1,1,1,1,0,1,1,1,1,1,1,1,0,1,1,1,0,4
Port Dickson,0,1,1,1,1,1,1,1,1,1,1,1,0,1,1,0,1,1,1,0,3.5
Male,0,1,1,1,0,1,0,1,1,1,1,1,0,1,1,0,1,1,0,0,4.5
Pokhara,1,1,1,1,1,1,1,1,1,1,1,1,1,1,1,1,1,1,1,1,4.5
Lalitpur  Nepal,1,1,1,1,1,1,1,1,1,1,1,1,1,1,1,1,1,1,1,1,3.5
Kathmandu,1,1,1,1,1,1,1,1,1,1,1,1,1,1,1,1,1,1,1,1,4
Bhaktapur,1,1,1,1,1,1,1,1,1,1,1,1,1,1,1,1,1,1,1,0,4
Rawalpindi,1,1,1,1,1,1,1,1,1,1,1,1,1,1,1,1,1,1,1,1,4
Quetta,0,1,1,1,1,1,1,1,1,1,1,1,0,1,1,1,1,1,0,1,5.0
Peshawar,1,1,1,1,1,1,1,1,1,1,1,1,1,1,1,1,1,1,1,1,4
Lahore,1,1,1,1,1,1,1,1,1,1,1,1,1,1,1,1,1,1,1,1,4.5
Karachi,1,1,1,1,1,1,1,1,1,1,1,1,1,1,1,1,1,1,1,1,4
Islamabad,1,1,1,1,1,1,1,1,1,1,1,1,1,1,1,1,1,1,1,1,4.5
Gilgit,0,1,1,1,1,1,1,1,1,1,1,1,1,1,1,1,1,1,1,1,4.5
Manila,1,1,1,1,1,1,1,1,1,1,1,1,1,1,1,1,1,1,1,1,4.5
Boracay,0,1,1,1,1,1,1,1,1,1,1,1,0,1,1,1,1,1,1,0,4.5
Singapore,1,1,1,1,1,1,1,1,1,1,1,1,1,1,1,1,1,1,1,1,4.5
Sentosa,0,1,1,1,1,1,1,1,1,1,1,1,1,1,1,1,1,1,1,1,4.5
Seoul,1,1,1,1,1,1,1,1,1,1,1,1,1,1,1,1,1,1,1,1,4
Bentota,1,1,1,1,0,0,1,1,1,1,1,1,1,1,1,0,1,1,0,0,3
Kandy,1,1,1,1,0,1,1,1,1,1,1,1,1,1,1,1,1,1,1,1,4.5
Colombo,1,1,1,1,1,1,1,1,1,1,1,1,1,1,1,1,1,1,1,1,4
Taichung,1,1,1,1,1,1,1,1,1,1,1,1,1,1,1,1,1,1,1,1,4
Taipei,1,1,1,1,1,1,1,1,1,1,1,1,1,1,1,1,1,1,1,1,4
Ko Samui,1,1,1,1,1,1,1,1,1,1,1,1,1,1,1,1,1,1,1,1,4
Chiang Mai,1,1,1,1,1,1,1,1,1,1,1,1,0,1,1,1,1,1,1,1,5.0
Phuket City,1,1,1,1,1,0,0,1,1,1,1,1,0,1,1,0,1,1,0,0,4.5
Phuket Province,1,1,1,1,1,1,1,1,1,1,1,1,1,1,1,1,1,1,1,1,4.5
Pattaya,1,1,1,1,1,1,1,1,1,1,1,1,1,1,1,1,1,1,0,1,4
Bangkok,1,1,1,1,1,1,1,1,1,1,1,1,1,1,1,1,1,1,1,1,4.5
Ho Chi Minh City,1,1,1,1,1,1,1,1,1,1,1,1,1,1,1,1,1,1,1,1,3
Hanoi,1,1,1,1,1,1,1,1,1,1,1,1,1,1,1,1,1,1,1,1,4.5
Vienna,1,1,1,1,1,1,1,1,1,1,1,1,1,1,1,1,1,1,1,1,4.0
Salzburg,0,1,1,1,1,1,0,1,1,1,1,1,1,1,1,0,1,1,1,1,5.0
Innsbruck,1,1,1,1,1,1,1,1,1,1,1,1,1,1,1,1,1,1,1,1,4.5
Ypres,0,1,1,1,1,1,1,1,1,1,1,1,1,1,1,1,1,1,1,0,4.5
Antwerp,1,1,1,1,1,1,1,1,1,1,1,1,1,1,1,1,1,1,1,1,3.5
Sofia,0,1,1,1,1,1,1,1,1,1,1,1,1,1,1,1,1,1,1,1,4.5
Lanzarote,0,1,1,1,1,1,1,1,1,1,1,1,1,1,1,1,1,1,1,1,4
Canary Islands,1,1,1,1,1,1,1,1,1,1,1,1,1,1,1,1,1,1,1,1,4.5
Ayia Napa,0,1,1,1,0,1,1,1,1,1,1,1,1,1,1,1,1,1,1,0,4
Cyprus,1,1,1,1,1,1,1,1,1,1,1,1,1,1,1,1,1,1,1,1,4.5
Prague,1,1,1,1,1,1,1,1,1,1,1,1,1,1,1,1,1,1,1,1,4.5
Copenhagen,1,1,1,1,1,1,1,1,1,1,1,1,1,1,1,1,1,1,1,1,4.5
Cannes,0,1,1,1,1,1,0,1,1,1,1,1,1,1,1,0,1,1,1,1,4.5
Paris,1,1,1,1,1,1,1,1,1,1,1,1,1,1,1,1,1,1,1,1,4.5
Heidelberg,1,1,1,1,1,1,1,1,1,1,1,1,1,1,1,1,1,1,1,1,4
Stuttgart,1,1,1,1,1,1,1,1,1,1,1,1,1,1,1,1,1,1,1,1,2
Munich,1,1,1,1,1,1,1,1,1,1,1,1,1,1,1,1,1,1,1,1,4.5
Frankfurt,1,1,1,1,1,1,1,1,1,1,1,1,1,1,1,1,1,1,1,1,3.5
Dresden,1,1,1,1,1,1,1,1,1,1,1,1,1,1,1,1,1,1,1,1,4.5
Cologne,1,1,1,1,1,1,1,1,1,1,1,1,1,1,1,1,1,1,1,1,4
Berlin,1,1,1,1,1,1,1,1,1,1,1,1,1,1,1,1,1,1,1,1,4.5
Ireland,1,1,1,1,1,1,1,1,1,1,1,1,1,1,1,1,1,1,1,1,5.0
Piedmont,0,1,1,1,1,1,1,1,1,1,1,1,1,1,1,1,1,1,1,1,4.5
Verona,1,1,1,1,1,1,1,1,1,1,1,1,1,1,1,1,1,1,1,1,4.5
Turin,1,1,1,1,1,1,1,1,1,1,1,1,1,1,1,1,1,1,1,1,4
Pompeii,1,1,1,1,1,1,1,1,1,1,1,1,1,1,1,1,1,1,1,1,4.5
Venice,1,1,1,1,1,1,1,1,1,1,1,1,1,1,1,1,1,1,1,1,4.5
Rome,1,1,1,1,1,1,1,1,1,1,1,1,1,1,1,1,1,1,1,1,5.0
Milan,1,1,1,1,1,1,1,1,1,1,1,1,1,1,1,1,1,1,1,1,4.5
Florence,1,1,1,1,1,1,1,1,1,1,1,1,1,1,1,1,1,1,1,1,4.5
Monte Carlo,0,1,1,1,1,1,1,1,1,1,1,1,1,1,1,1,1,1,1,1,4
Rotterdam,1,1,1,1,1,1,1,1,1,1,1,1,1,1,1,1,1,1,1,1,4
Amsterdam,0,1,1,1,1,1,1,1,1,1,1,1,1,1,1,1,1,1,1,1,4.5
Warsaw,1,1,1,1,1,1,1,1,1,1,1,1,1,1,1,1,1,1,1,1,4.5
Bucharest,1,1,1,1,1,1,1,1,1,1,1,1,1,1,1,1,1,1,1,1,4.5
Slovakia,1,1,1,1,1,1,1,1,1,1,1,1,1,1,1,1,1,1,1,1,4.5
Slovenia,1,1,1,1,1,1,1,1,1,1,1,1,1,1,1,1,1,1,1,1,3.5
Sevilla,1,1,1,1,1,1,1,1,1,1,1,1,1,1,1,1,1,1,1,1,4.5
Mallorca,1,1,1,1,1,1,1,1,1,1,1,1,1,1,1,1,1,1,1,1,4.5
Madrid,1,1,1,1,1,1,1,1,1,1,1,1,1,1,1,1,1,1,1,1,4.5
Ibiza,0,1,1,1,1,1,1,1,1,1,1,1,1,1,1,1,1,1,1,1,4.5
Barcelona,1,1,1,1,1,1,1,1,1,1,1,1,1,1,1,1,1,1,1,1,4
Stockholm,1,1,1,1,1,1,1,1,1,1,1,1,1,1,1,1,1,1,1,1,4
Lucerne,1,1,1,1,1,1,1,1,1,1,1,1,1,1,1,1,1,1,1,1,4.5
Zurich,1,1,1,1,1,1,1,1,1,1,1,1,1,1,1,1,1,1,1,1,4.5
Geneva,1,1,1,1,1,1,1,1,1,1,1,1,1,1,1,1,1,1,1,1,4.5
Newcastle Upon Tyne,1,1,1,1,1,1,1,1,1,1,1,1,1,1,1,1,1,1,1,1,4
Nottinghamshire,0,1,1,1,1,1,1,1,1,1,1,1,1,1,1,0,1,1,0,1,3.5
Filey,0,1,1,1,1,1,1,1,1,1,1,1,1,1,1,0,1,1,1,1,4.5
The Isle of Wight,1,1,1,1,1,1,1,1,1,1,1,1,1,1,1,1,1,1,1,1,4.5
Bradford,1,1,1,1,1,1,1,1,1,1,1,1,1,1,1,1,1,1,1,1,4
Cardiff,1,1,1,1,1,1,1,1,1,1,1,1,1,1,1,1,1,1,1,1,4
Glasgow,1,1,1,1,1,1,1,1,1,1,1,1,1,1,1,1,1,1,1,1,4.5
Edinburg  Texas,0,1,1,1,1,1,1,1,1,1,1,1,0,1,1,1,1,1,1,1,5.0
Plymouth,1,1,1,1,1,1,1,1,1,1,1,1,1,1,1,1,1,1,1,1,3.5
Cambridge,1,1,1,1,1,1,1,1,1,1,1,1,1,1,1,1,1,1,1,1,4.5
Oxford,0,1,1,1,1,1,1,1,1,1,1,1,1,1,1,1,1,1,1,1,4
Manchester,1,1,1,1,1,1,1,1,1,1,1,1,1,1,1,1,1,1,1,1,4.5
London,1,1,1,1,1,1,1,1,1,1,1,1,1,1,1,1,1,1,1,1,4.5
